algorithm,training_seed,budget_complete,budget_stop_reason,candidate_groups,candidate_trajectories,effective_groups,effective_group_rate,optimizer_updates,generated_tokens,wall_time_seconds,checkpoint_bytes,checkpoint_sha256,tensor_count,nonfinite_tensors,changed_tensors_vs_agent_sft,changed_parameters_vs_agent_sft,total_parameters,changed_parameter_fraction_vs_agent_sft,relative_l2_change_vs_agent_sft,maximum_absolute_change_vs_agent_sft
grpo,42,True,effective_group_target,6726,53808,6726,1.0,13452,6642394,21050.58474779129,275340273,9f6c0b3623098dd80713c6a8926818ad718f65d86e18b5d784f2deb444faeee2,91,0,91,68815201,68827392,0.9998228757527235,0.0006039257862306718,0.0001286715269088745
grpo,43,True,effective_group_target,6726,53808,6726,1.0,13452,6654670,37170.0343747139,275340273,dbb9dc4b2aac93b4c5b2f18f9fceb0e4f31dc61580657980757b7c54bde6e5e2,91,0,91,68811200,68827392,0.9997647448271758,0.0006181461046490783,0.00017266720533370972
grpo,44,True,effective_group_target,6726,53808,6726,1.0,13452,6643142,37880.24019575119,275340273,9160e5013e9c71c5fe3a853b29c5b7df3fdb1a1fc9ce091481ed52fdb11c0f5f,91,0,91,68800665,68827392,0.9996116807680291,0.0006049248987901513,0.0001414087601006031
cispo,42,True,effective_group_target,6726,53808,6726,1.0,13452,6575083,40787.950957775116,275340368,1408b275f0c5d8f92279b5b378d7bc1572f3a7834762becde762e0ff52f5f0a9,91,0,91,68807489,68827392,0.9997108273403705,0.0006151854770390077,0.00013632792979478836
cispo,43,True,effective_group_target,6726,53808,6726,1.0,13452,6574856,37234.84725642204,275340368,4c8a8831ac9cba7ba734084146eb88d3926c902f82a0f1b6e0e8c367c4f76800,91,0,91,68804202,68827392,0.9996630701915888,0.0006168925967031243,0.0001394655555486679
cispo,44,True,effective_group_target,6726,53808,6726,1.0,13452,6573001,41555.35947537422,275340368,dad8d534386f095de9ee94187791ee22292c832185bd05281cbec907b462e0df,91,0,91,68790278,68827392,0.999460767015551,0.0006075269880017385,0.00016432255506515503
dapo,42,True,max_candidate_groups,6726,53808,1265,0.188076122509664,2530,6022120,32070.42133164406,275340273,c9d2b1bc83b93ae6f55ddedfd2453e5c9958d3ea6a462c3cca78e820be8aff26,91,0,91,68816880,68827392,0.9998472701101329,0.0005333864762879977,0.00012490339577198029
dapo,43,True,max_candidate_groups,6726,53808,1245,0.18510258697591436,2490,6087728,31391.18272137642,275340273,fb342ba0066c5629c4f4f422a4f98326b10536db176fdc927bab667518a6e7e9,91,0,91,68818292,68827392,0.9998677851980793,0.0005374071161473337,0.0001285737380385399
dapo,44,True,max_candidate_groups,6726,53808,1235,0.18361581920903955,2470,6086854,32464.63418006897,275340273,c115ffb9ca761f094f894f3678588ab00cca88fb80646ec534e03c7b0a1304aa,91,0,91,68820105,68827392,0.9998941264547696,0.000535594817657968,0.0001474290620535612
gspo,42,True,effective_group_target,6726,53808,6726,1.0,13452,6647060,35995.475271463394,275340273,d242a95b924822d5dd33cb4dd621e1ccb68dcb4a8854e96b666234827b0584ba,91,0,91,68763272,68827392,0.9990683941649279,0.0005075008582882392,0.0002504400908946991
gspo,43,True,effective_group_target,6726,53808,6726,1.0,13452,6657185,37506.82749891281,275340273,2fa3395fe9732a7920b6c15cf763f657a4172d6bc0a770be0326b6c4aaf013e2,91,0,91,68788855,68827392,0.9994400921075144,0.000501212509154113,0.00026322901248931885
gspo,44,True,effective_group_target,6726,53808,6726,1.0,13452,6636488,37045.725749492645,275340273,4b9d46a377dffa893e2ccb29307cec1522c01c0100cfe0703bae234431f10c4a,91,0,91,68787861,68827392,0.9994256501829969,0.0005011863298544692,0.00029088370501995087
